estimate,windowReturn,(c/o)1,(o/c-1)1,(c/c-1)1,a,b,c,d,e,f
1.373870506,-0.020970361,-0.183652922,0.032800745,-0.144792241,0,1,0,1,0,1
-0.301488666,-0.163970827,-0.609480426,-0.162314336,-0.578505523,0,1,0,1,1,0
-0.055112317,0.319720283,0.167386842,-0.232323867,0.047308796,0,1,0,1,1,0
0.1124236,-0.421860908,-0.132308154,-0.393020162,-0.266833298,0,1,0,1,1,0
-0.133952749,-0.387521088,-0.066092434,-0.130722457,-0.109275302,0,1,0,1,1,0
0.299669625,-0.335854523,0.091789695,-0.118786065,0.028221772,0,1,0,1,0,1
-0.183228018,-0.84299404,-0.594330424,-2.471346196,-1.448613748,0,1,0,1,1,0
-0.045257263,0.011943066,0.486309395,0.527088557,0.616137441,0,1,0,1,0,1
-0.104387587,0.734379332,-0.391396103,-0.07293089,-0.360708824,0,1,0,1,1,0
0.191264032,0.018113908,0.133951035,0.148580638,0.168434786,0,1,0,1,0,1
0.004018007,0.087558902,0.386181203,-0.686773589,0.051596855,0,1,0,1,1,0
0.004018007,-0.015726693,0.062593786,-0.390217314,-0.102423914,0,1,0,1,1,0
0.270104464,-0.014543743,-0.069556108,0.245058642,0.034030219,0,1,0,1,0,1
-0.143807802,-0.033273688,0.163775673,-0.174570693,0.066921315,0,1,0,1,0,1
0.26024941,0.012153095,0.232200479,0.1242615,0.241889248,0,1,0,1,1,0
-0.291633612,-1.184872063,-0.581320738,0.434954343,-0.326362863,0,1,0,1,1,0
-0.616850392,-2.113997041,-0.851913068,0.658462847,-0.471271777,0,1,0,1,0,1
-0.518299853,-1.573353791,-0.91486662,0.067712525,-0.748305899,0,1,0,1,1,0
0.013873061,0.273931403,0.209248435,-0.386416079,0.021960325,0,1,0,1,0,1
-1.267283953,-1.580126103,-0.747160886,0.852285805,-0.308351839,0,1,0,1,0,1
0.427785327,0.353357748,0.489967388,0.354531481,0.550858321,0,1,0,1,1,0
0.674161676,0.226194125,0.141648665,0.254117655,0.216291161,0,1,0,1,0,1
-0.124097695,0.410232206,0.870343712,-0.323831729,0.601077678,0,1,0,1,1,0
-0.183228018,-0.744552801,0.08871555,-1.214209378,-0.402837594,0,1,0,1,0,1
-0.252213396,0.865020565,-0.315578286,2.424755394,0.667085385,0,1,0,1,0,1
-0.16351791,0.644126723,0.53627315,1.173896854,0.915324316,1,0,1,0,1,0
-0.360618989,-1.034401322,0.138879774,0.981323811,0.498863252,1,0,0,1,1,0
-0.271923504,1.324138228,0.769114365,1.779698489,1.357400453,1,0,0,1,0,1
0.477060597,0.759321205,0.229616287,1.011329921,0.588292387,0,1,1,0,0,1
-0.31134372,0.663692053,0.949336279,1.325876218,1.3309149,1,0,1,0,1,0
-0.143807802,-0.730052982,-0.779629736,0.649135291,-0.413268067,0,1,1,0,0,1
-0.567575122,1.222666424,1.655033342,1.077618637,1.835754679,1,0,1,0,1,0
0.270104464,0.353122608,-0.533529741,0.326655367,-0.327299941,1,0,0,1,0,1
0.073003384,0.382367143,-0.08610011,0.613309183,0.163242304,1,0,1,0,1,0
-0.153662856,0.382862882,-0.538495874,0.53322236,-0.252378676,1,0,0,1,0,1
-0.124097695,0.326978828,-0.886340405,1.385317721,-0.225411545,0,1,0,1,0,1
-0.321198774,-0.99691894,-0.365990874,-1.006083412,-0.698848821,0,1,1,0,1,0
-0.015692101,0.308664082,-0.301564881,0.146637071,-0.200286853,1,0,1,0,1,0
-0.045257263,0.47080878,0.451488599,0.12560017,0.427628843,1,0,0,1,0,1
-0.025547155,0.323595232,0.402201901,0.050726124,0.356411362,0,1,1,0,1,0
-1.53337041,-1.073014651,-1.619067707,0.167428899,-1.305748385,1,0,0,1,1,0
0.309524679,0.444366691,-0.110680351,1.298271,0.408488346,0,1,0,1,0,1
0.53619092,0.507440685,-0.158044555,0.159250939,-0.074135098,1,0,0,1,0,1
0.53619092,0.394025774,-0.234993043,0.623289095,0.040411638,0,1,1,0,1,0
0.95995824,0.358126091,0.259560463,0.374003218,0.363233179,1,0,0,1,0,1
-0.193083072,0.386339335,-0.247932472,0.153674941,-0.152251392,1,0,0,1,1,0
-0.064967371,0.381915697,0.082313147,0.494241936,0.259981674,1,0,1,0,1,0
0.004018007,0.731503126,0.79966277,0.828491004,1.003075344,1,0,0,1,1,0
-0.025547155,-0.746695293,-0.069066874,-0.73721719,-0.347773679,0,1,0,1,0,1
-0.055112317,-1.04239074,-0.81306127,-0.342648627,-0.818138773,0,1,0,1,0,1
0.644596514,0.656190024,0.180238389,0.056944851,0.171592144,1,0,0,1,1,0
-0.646415554,0.665455278,0.920832858,-0.421763524,0.604073019,0,1,0,1,0,1
-0.626705446,0.491621392,0.388466646,-0.826451472,-0.001671039,1,0,0,1,0,1
0.703726837,0.774306448,0.908730533,0.005862183,0.765720512,1,0,1,0,1,0
0.624886406,-1.614305062,-1.860430163,-7.784249067,-4.420282128,1,0,1,0,1,0
0.191264032,0.456701825,0.351142013,-0.162314336,0.229283984,1,0,1,0,1,0
0.201119086,-5.618546768,-1.577616211,-0.441049001,-1.495653919,1,0,0,1,0,1
-0.390184151,0.610910937,-0.018567298,0.511016699,0.180835751,0,1,1,0,0,1
-0.104387587,0.966328504,0.865309752,-0.979420421,0.333861759,1,0,0,1,1,0
-0.331053828,1.04626101,0.894465358,-0.697159936,0.471408297,1,0,0,1,1,0
-0.301488666,0.573109077,0.257737512,-0.070477718,0.186861679,1,0,1,0,1,0
-0.400039205,0.477878558,0.395594643,-0.615827913,0.087479845,0,1,1,0,1,0
0.191264032,0.558012411,0.354918535,-0.162314336,0.23245967,0,1,1,0,0,1
-0.104387587,0.468984513,0.090449958,-0.335853013,-0.057815711,0,1,0,1,0,1
0.141988762,0.658905406,0.696966617,0.078824007,0.616299601,1,0,1,0,1,0
-0.202938126,0.505341709,0.372269735,-0.062742063,0.286361678,1,0,1,0,1,0
-0.419749313,0.675107189,1.215920205,-0.304632828,0.898742894,0,1,0,1,0,1
-0.538009961,0.579130367,0.444891974,0.600221133,0.609882814,1,0,0,1,1,0
-0.183228018,0.604890259,0.799232703,0.494579686,0.869042023,1,0,0,1,1,0
-0.271923504,-0.976843603,-0.936863374,-0.434645482,-0.956725003,1,0,1,0,1,0
-0.183228018,1.167210759,2.103926344,0.301871386,1.896824444,0,1,0,1,0,1
-0.064967371,-0.937547009,-1.127239242,-0.089944986,-0.986716954,0,1,0,1,0,1
-0.528154907,2.371321047,-0.013611394,0.030741967,-0.002178957,0,1,1,0,0,1
-0.360618989,0.788625234,-0.470389989,-0.162314336,-0.46154407,1,0,1,0,1,0
-0.193083072,0.488787226,-0.102579458,-0.057574321,-0.111540758,1,0,1,0,1,0
-6.924084921,0.724364231,-1.209390749,0.441863081,-0.856755832,0,1,0,1,0,1
-0.331053828,-3.107466295,-0.36948875,-1.740070179,-0.984515446,0,1,1,0,0,1
0.240539302,0.441006839,-0.422104759,-0.031814022,-0.370755066,0,1,0,1,0,1
-0.390184151,0.692758406,0.264012748,0.127370333,0.269980778,1,0,1,0,1,0
-0.429604367,0.470017115,0.686196247,0.303767624,0.696927556,1,0,0,1,1,0
-0.380329097,-1.219763113,-0.566588791,1.117127537,-0.052791624,1,0,0,1,0,1
-0.183228018,0.586612225,1.133512176,-0.428648151,0.779418815,0,1,1,0,0,1
-0.370474043,-1.74810251,-3.494003794,-0.375320727,-3.077589856,1,0,0,1,0,1
-0.606995338,0.467545254,-0.323357154,-0.055995752,-0.296882138,0,1,0,1,0,1
-1.493950194,0.691240293,0.525767529,0.065039455,0.466336462,1,0,1,0,1,0
-0.96177728,0.588394948,0.577310796,0.042621395,0.500920391,0,1,0,1,0,1
-0.419749313,0.749258891,0.797330759,-0.162314336,0.604485074,0,1,1,0,0,1
-0.547865015,0.785451202,0.423713985,0.389729126,0.50862384,1,0,1,0,1,0
0.013873061,-1.635665698,-1.137150063,-0.732396965,-1.236204654,0,1,0,1,0,1
-0.232503288,0.694272686,-1.443052994,2.347360108,-0.347345553,1,0,1,0,1,0
0.141988762,1.88348376,5.051266979,0.133115261,4.316079571,1,0,1,0,1,0
-0.469024583,1.069814488,-0.328607419,-0.039830938,-0.295068393,1,0,0,1,1,0
-0.666125662,0.849531574,-0.02717902,0.001220845,-0.025124795,1,0,1,0,1,0
-0.547865015,0.613981964,2.021408978,0.300459851,1.826354516,1,0,1,0,1,0
-0.498589745,-1.213860293,-1.028440609,0.388590752,-0.723255977,0,1,1,0,1,0
-0.232503288,0.130523585,0.439745677,-0.268806427,0.261655091,1,0,0,1,1,0
0.299669625,0.030871939,0.456032662,-0.201915626,0.301809337,0,1,1,0,0,1
-0.380329097,0.195119312,1.926030034,-0.547281837,1.393916391,1,0,0,1,1,0
-0.459169529,0.118677999,0.188584127,-0.529498775,-0.051507311,1,0,0,1,0,1
-0.321198774,0.168040364,0.795503075,-1.001430245,0.267086671,0,1,0,1,0,1
0.664306622,0.071247852,-0.456024989,0.187906488,-0.314934944,0,1,1,0,0,1
-0.114242641,0.432517979,-0.014129819,-0.162314336,-0.077873897,1,0,1,0,1,0
-0.074822425,1.567388143,0.039433662,-0.616578783,-0.210228354,1,0,1,0,1,0
-0.370474043,0.007805742,-0.581321514,-0.162314336,-0.554826632,1,0,0,1,1,0
-0.764676201,0.279732933,-0.428729759,-0.127013808,-0.412939559,1,0,0,1,0,1
-0.380329097,0.383537491,-0.696877148,0.160708126,-0.528918322,1,0,0,1,1,0
-0.074822425,-1.761551502,-1.610610342,-0.906626559,-1.695194096,1,0,0,1,0,1
-0.370474043,-0.020899678,-0.050844765,-0.496368895,-0.238811526,1,0,1,0,1,0
0.467205543,0.139127946,0.057850072,-0.162314336,-0.01734585,1,0,0,1,1,0
-0.232503288,-0.025565155,1.263183812,-0.407620619,0.896558046,0,1,0,1,0,1
-1.878297298,0.219341761,0.383753536,-0.735919176,0.030161777,0,1,0,1,0,1
-0.350763935,-1.440097262,-0.760630103,-0.162314336,-0.705607616,1,0,0,1,0,1
-0.340908882,0.107196408,0.209192782,-0.308616,0.052465821,1,0,0,1,1,0
2.674737628,0.739107744,0.274803525,-0.168807767,0.162535318,1,0,1,0,1,0
1.226044697,-0.014452748,-0.102579458,-0.441470039,-0.260754389,0,1,1,0,0,1
0.743147053,0.092140892,0.187144537,-0.248459642,0.057573316,0,1,1,0,1,0
-0.202938126,-0.055565246,-0.028560208,-0.001777446,-0.027457393,1,0,0,1,1,0
-0.153662856,0.394330947,-0.391199076,0.046491374,-0.314569734,0,1,1,0,0,1
-1.671341165,-1.995597993,-2.227346375,-2.242963626,-2.690712498,1,0,1,0,1,0
0.526335866,0.017854507,-0.747037507,0.117730893,-0.58765466,1,0,0,1,0,1
-0.301488666,0.281636662,2.075687375,4.0848286,3.44947273,1,0,1,0,1,0
-0.222648234,0.064990232,-0.179521614,0.004573212,-0.152251392,0,1,1,0,1,0
-0.380329097,-0.034409507,-0.16076666,0.090437089,-0.103130556,0,1,1,0,1,0
-0.133952749,-1.731885015,-3.600897783,-0.671428559,-3.268926346,0,1,0,1,0,1
-0.459169529,-0.00881991,0.203100574,-0.0150163,0.16262807,1,0,1,0,1,0
0.201119086,0.047304598,0.338365494,-0.54168516,0.068929525,0,1,0,1,0,1
-0.478879637,0.127981293,0.194823191,0.172193708,0.229134694,0,1,1,0,0,1
-1.622065895,0.116474433,-0.179337696,-0.150452412,-0.212198771,0,1,1,0,1,0
-0.833661579,-2.279015296,-0.968435586,-0.162314336,-0.8803517,0,1,0,1,0,1
-0.754821147,0.475062006,0.207289287,-0.273853721,0.064519071,1,0,0,1,0,1
-0.390184151,-1.888086255,-0.523230296,0.020206742,-0.436024252,0,1,0,1,0,1
-0.16351791,0.119474287,0.391026477,-0.134920117,0.273644835,1,0,1,0,1,0
0.082858438,0.178093923,0.189228051,0.052800987,0.17755074,0,1,1,0,0,1
-0.350763935,0.19381166,0.935737703,-0.055171617,0.763949963,0,1,0,1,0,1
-0.754821147,0.124299825,-0.056177419,-1.53809844,-0.648798021,0,1,0,1,0,1
0.526335866,0.238037273,0.006696535,-0.319544553,-0.121695058,0,1,0,1,0,1
0.033583169,0.247219307,0.399546095,-0.361815864,0.191153325,0,1,0,1,0,1
-0.360618989,0.242376278,0.201635187,-0.162314336,0.103563367,1,0,0,1,1,0
-0.971632334,0.585304006,1.298661952,0.294930755,1.212035729,1,0,1,0,1,0
2.329810739,1.818714461,3.694237199,0.221725727,3.208560804,1,0,1,0,1,0
-0.675980716,0.756203245,-0.102579458,1.034966155,0.313110843,0,1,1,0,1,0
-0.695690824,0.767701786,1.411557377,0.102936816,1.229263913,1,0,0,1,0,1
-0.577430176,-1.470313235,0.201197479,-0.256068688,0.066387572,1,0,1,0,1,0
-0.094532533,0.671844373,0.310579931,0.305822776,0.379624604,0,1,1,0,1,0
-0.547865015,2.924432004,-0.40723102,0.407567536,-0.189167718,0,1,1,0,0,1
-0.321198774,0.793989617,-0.671218879,0.035118257,-0.555129692,1,0,1,0,1,0
-0.616850392,0.86948891,0.814440838,0.397278347,0.842990092,0,1,1,0,1,0
-0.646415554,-1.14432898,0.083595641,-0.162314336,0.004303656,1,0,1,0,1,0
-2.144383755,2.533842082,4.796608105,1.190054307,4.578511936,1,0,0,1,0,1
-0.340908882,1.165723053,3.251872707,1.940452111,3.576724468,0,1,1,0,0,1
0.151843816,-0.271168498,-0.437698564,-0.352549151,-0.507173195,0,1,1,0,0,1
-0.16351791,-0.213935582,-0.44077397,-0.162314336,-0.436639895,0,1,0,1,0,1
-0.331053828,-0.25701385,-1.357557454,1.621011398,-0.543258982,0,1,0,1,0,1
0.220829194,-0.250354298,-0.721698085,-0.567438225,-0.827101915,0,1,1,0,1,0
-0.242358342,-0.309974742,-0.843435612,0.049267324,-0.695020886,1,0,0,1,0,1
-0.912502011,-0.202248628,0.470350492,-0.250736444,0.294505653,0,1,0,1,0,1
-0.094532533,0.180008241,-2.089166604,3.236509905,-0.588727007,1,0,0,1,0,1
-0.892791903,0.741096268,0.680538552,0.485115685,0.764453047,0,1,0,1,0,1
-0.133952749,-1.260161974,-1.050860556,-0.105274973,-0.928189877,0,1,1,0,0,1
-0.557720068,0.843200872,0.437612673,-0.162314336,0.301997351,0,1,0,1,0,1
1.166914373,0.152875597,-0.158635353,-0.257912425,-0.236477182,1,0,0,1,1,0
-0.16351791,0.154456809,-0.148310904,-0.261107718,-0.229048121,1,0,0,1,1,0
2.290390524,0.193552149,0.620925,-0.061892855,0.496113497,1,0,0,1,0,1
-0.843516633,0.78356038,-0.658613402,1.520385666,0.022157208,1,0,0,1,1,0
-0.547865015,0.494978207,0.81137919,-0.162314336,0.616298431,0,1,1,0,1,0
-0.015692101,0.180004524,0.338013524,0.715902795,0.564578512,0,1,1,0,0,1
0.950103186,0.174163646,0.364881455,0.139740753,0.360060747,1,0,1,0,1,0
-0.567575122,1.022023076,-0.183929712,0.23610142,-0.066219366,0,1,0,1,0,1
-0.6365605,1.466710297,0.433970827,-0.337725701,0.229542654,0,1,1,0,0,1
-0.498589745,1.168891998,1.102587962,-0.768779757,0.616034822,0,1,0,1,0,1
-0.774531255,0.203929968,0.148759885,0.386013917,0.274002179,0,1,0,1,0,1
0.565756082,0.322737375,1.615852284,-0.162314336,1.292781612,0,1,1,0,0,1
0.141988762,-0.097666048,-0.310310054,0.203542067,-0.185709856,0,1,0,1,0,1
0.073003384,-0.422524037,0.843730204,-1.195591814,0.229284372,1,0,1,0,1,0
0.348944895,-0.325154729,-0.250537005,-0.076020729,-0.243292922,1,0,0,1,1,0
0.506625758,-0.178481029,-0.166656239,0.237517213,-0.05105625,1,0,0,1,1,0
0.16169887,-0.145157396,-0.111519741,-0.316713689,-0.219763866,1,0,1,0,1,0
0.348944895,0.124503757,0.015057019,0.27896109,0.11885448,0,1,1,0,1,0
-0.094532533,0.661580072,1.999772391,0.545018727,1.909712915,0,1,1,0,0,1
0.132133708,0.818774462,1.671576726,0.48373675,1.60552043,1,0,0,1,1,0
-0.26206845,0.19754627,-0.270139183,-0.162314336,-0.29315273,1,0,1,0,1,0
-0.26206845,0.098241207,0.08021064,0.013921913,0.070372333,0,1,1,0,1,0
-0.26206845,0.098241207,0.08021064,0.013921913,0.070372333,0,1,1,0,1,0
-0.183228018,-0.148765199,-0.414969393,0.291381966,-0.240423348,0,1,0,1,0,1
-0.281778558,0.2937988,1.132421027,0.021566,0.96066088,0,1,1,0,1,0
0.004018007,0.118795576,0.527517355,1.022064388,0.847563223,1,0,1,0,1,0
0.132133708,0.066072742,-0.068741087,0.335649031,0.069970274,0,1,1,0,1,0
-0.193083072,0.133569886,-0.083183107,-0.537803341,-0.281980903,0,1,1,0,1,0
4.892124767,-0.138613269,0.029416337,-0.378390709,-0.125608546,0,1,0,1,0,1
0.378510057,-0.103444742,0.247343945,-0.032057865,0.193215791,0,1,0,1,0,1
-0.26206845,0.352104598,-0.326596219,0.562616211,-0.060952419,1,0,1,0,1,0
0.004018007,-0.672636383,-0.351633658,-0.135361411,-0.351291984,0,1,0,1,0,1
0.348944895,-0.069416507,0.13114379,-0.173551505,0.039885458,1,0,1,0,1,0
-0.26206845,-0.059779972,0.198275919,-0.646860353,-0.089474768,0,1,0,1,0,1
-0.104387587,-0.125454264,0.253089788,-0.23917303,0.116605723,1,0,1,0,1,0
0.624886406,0.217035227,0.31797893,0.330956722,0.395796427,1,0,1,0,1,0
-0.025547155,-0.493905457,-0.152348725,-0.054462204,-0.152251392,1,0,0,1,1,0
0.220829194,0.115140281,0.580273316,0.123719519,0.535654506,0,1,1,0,1,0
0.378510057,-0.51510781,-0.155114165,-0.082656374,-0.165520198,0,1,1,0,1,0
0.1124236,0.157613319,0.293799087,0.151013575,0.304449867,1,0,1,0,1,0
0.279959517,0.225104096,0.386023664,0.007783308,0.325801103,1,0,1,0,1,0
0.319379733,0.151135236,0.396769369,0.023409444,0.341034911,0,1,0,1,0,1
1.068363834,0.133588949,0.312136119,0.314333625,0.3842961,0,1,1,0,0,1
-0.360618989,0.496873966,1.383437139,0.317475904,1.29301757,1,0,1,0,1,0
-0.143807802,0.229367627,0.393999853,-0.173619237,0.26085687,1,0,0,1,1,0
-0.202938126,0.411165804,1.202372682,0.224186374,1.101811653,0,1,0,1,0,1
4.803429281,0.012713714,-0.060246633,-0.012545218,-0.058359253,1,0,0,1,0,1
0.319379733,0.035041229,0.476735894,-0.005267332,0.397110073,0,1,1,0,0,1
-0.291633612,-0.99942887,-0.976799935,-0.057067512,-0.847663405,1,0,1,0,1,0
-0.350763935,-0.739863947,-0.433250944,-0.086920886,-0.401330917,1,0,1,0,1,0
-0.242358342,0.050051257,0.374169749,-0.324767945,0.184507047,1,0,1,0,1,0
-0.084677479,0.00703792,-0.078969809,-0.060001648,-0.092599683,0,1,0,1,0,1
0.053293277,-0.88765138,-0.52205938,-0.162314336,-0.504992974,0,1,1,0,0,1
0.013873061,-0.003812561,0.050351147,-0.191072832,-0.034886321,0,1,0,1,0,1
0.171553924,0.038960565,0.42736189,-0.174771962,0.288450303,0,1,0,1,0,1
-0.419749313,0.081944455,-0.482490136,0.436746905,-0.241807328,1,0,0,1,1,0
0.309524679,0.054255549,0.096005241,1.138997747,0.523866721,0,1,0,1,0,1
1.708942341,-0.915543818,0.662080924,-0.158477894,0.492282157,1,0,0,1,0,1
1.088073942,-0.821037132,-0.737189107,0.347466628,-0.491922107,0,1,0,1,0,1
-0.666125662,0.060759389,-1.033667042,0.06871545,-0.848179817,1,0,1,0,1,0
0.1124236,0.051211642,0.346967898,-0.029416106,0.278199133,0,1,0,1,0,1
1.876478258,0.03787882,0.14093643,-0.382208535,-0.033637499,1,0,0,1,1,0
-0.26206845,0.552857808,0.274429922,0.248074255,0.326281467,1,0,1,0,1,0
0.102568546,-0.925086863,-0.288824782,0.391808912,-0.094817346,1,0,0,1,0,1
-0.005837047,0.149486691,0.844048104,0.556631609,0.931982272,0,1,1,0,0,1
0.319379733,0.251898951,0.090811469,0.277209342,0.182302119,0,1,1,0,0,1
0.654451568,0.070690821,-0.126432276,0.101460304,-0.069865717,0,1,0,1,0,1
-0.025547155,0.153459585,0.17138325,0.989183596,0.52975725,1,0,0,1,1,0
-1.720616435,0.21884675,0.172461827,1.064937958,0.560393154,1,0,0,1,0,1
-0.380329097,-0.943832825,-0.285277294,-2.096052854,-1.052940266,1,0,1,0,1,0
-0.242358342,0.193586897,0.391856724,0.980540144,0.715010946,0,1,0,1,0,1
-0.252213396,0.303041709,1.296214823,-0.377762935,0.936372868,1,0,0,1,0,1
0.073003384,-2.142093654,-1.547506728,-9.245469198,-4.728622659,1,0,0,1,0,1
-0.370474043,0.213508843,0.712572062,0.28157536,0.710406584,1,0,1,0,1,0
-0.557720068,0.519943886,0.557872841,-0.162314336,0.403124388,0,1,0,1,0,1
0.082858438,0.408776905,-0.399728844,0.085880938,-0.306606182,1,0,0,1,1,0
-0.390184151,0.274637596,1.488543707,-0.391004848,1.092150217,0,1,0,1,0,1
-0.074822425,-1.045211747,-1.081820476,-0.020772134,-0.922468495,0,1,1,0,0,1
-0.538009961,-0.955137251,-1.439487087,0.421327528,-1.059663905,0,1,0,1,0,1
-0.26206845,0.291378539,0.105903659,-0.162314336,0.023062517,0,1,0,1,0,1
-0.133952749,-0.891217418,-0.917731206,-0.162314336,-0.837714276,1,0,0,1,1,0
0.181408978,0.355516035,0.458662891,-0.003553903,0.38255424,1,0,0,1,0,1
-0.606995338,-0.891707828,-0.360638114,0.901573476,0.040723236,0,1,0,1,0,1
0.427785327,0.215190637,0.388853293,0.036514169,0.339535894,0,1,1,0,0,1
0.053293277,0.8827207,-0.498563046,-0.162314336,-0.485234856,0,1,1,0,0,1
-1.365834493,-1.099910851,1.278483359,0.421156361,1.246256861,1,0,0,1,0,1
0.368655003,0.392838683,-0.025640237,0.256501673,0.075648777,1,0,0,1,1,0
-0.725255986,-0.914557652,-0.948951061,0.418628824,-0.644501055,0,1,0,1,0,1
-0.271923504,0.252205143,-0.062310664,-0.162314336,-0.118389275,1,0,1,0,1,0
-0.646415554,0.191257526,0.867736526,-0.336787669,0.593692959,0,1,1,0,1,0
-0.695690824,-1.259639781,-0.314870593,0.333516746,-0.139403,1,0,0,1,0,1
-0.025547155,-1.078492142,-1.191581617,0.25001922,-0.913515474,1,0,0,1,0,1
0.674161676,-0.933450575,-0.040712432,-0.041626951,-0.053221951,0,1,0,1,0,1
0.279959517,0.743964532,0.28855337,0.5665746,0.4636336,1,0,0,1,1,0
-0.478879637,-1.217548815,-0.339692271,-0.26474749,-0.391141066,0,1,1,0,1,0
0.979668348,0.259511385,-0.547574063,0.758867369,-0.173683604,1,0,1,0,1,0
-0.597140284,-0.025564584,0.227647741,-0.162314336,0.125437381,1,0,1,0,1,0
-0.143807802,0.282318003,-0.459915863,0.396195751,-0.23822509,0,1,1,0,1,0
-0.390184151,0.430828073,0.521434085,0.519755711,0.643076812,0,1,1,0,0,1
-0.498589745,-1.57632482,0.171609182,-0.162314336,0.078314434,0,1,0,1,0,1
0.230684248,-0.997406586,-0.316345073,-0.035938219,-0.283235295,0,1,0,1,0,1
0.122278654,-0.011090852,0.544644477,0.186806584,0.530609855,0,1,0,1,0,1
0.437640381,-1.055012881,-1.47351799,-0.681555994,-1.497723203,1,0,0,1,1,0
-0.340908882,0.291874375,-0.899128628,0.106486789,-0.720352273,0,1,0,1,0,1
-5.15017521,-1.884163704,-2.553130957,-0.567602987,-2.357654986,0,1,0,1,0,1
0.555901028,0.07064613,-0.217516236,0.170926476,-0.119870631,1,0,0,1,1,0
0.171553924,0.074406167,0.579017964,-0.244132416,0.388385421,0,1,1,0,1,0
-0.26206845,0.137549854,0.056733278,-0.307113047,-0.074863004,0,1,1,0,1,0
0.033583169,0.042301654,-0.158597614,-0.089514377,-0.17111365,0,1,1,0,1,0
-0.21279318,0.358770559,1.43622844,-0.493541656,1.006424708,1,0,0,1,0,1
-2.134528701,0.625281596,1.048918224,-0.162314336,0.816045523,1,0,1,0,1,0
-0.064967371,0.203085707,0.055421807,-0.200274212,-0.034219424,0,1,1,0,1,0
-0.656270608,-1.00633687,-1.758708684,-0.162314336,-1.544894074,0,1,0,1,0,1
-0.055112317,0.397451312,-0.30824431,0.55745372,-0.047341699,0,1,0,1,0,1
-0.153662856,0.202825773,0.811916171,0.204706135,0.763729897,1,0,1,0,1,0
0.467205543,-1.156318628,-0.772815042,0.215797208,-0.57215443,1,0,0,1,0,1
-0.084677479,0.343127416,-0.182262883,0.271538976,-0.051071592,1,0,1,0,1,0
-0.429604367,-1.016013973,-0.840004334,-0.479839744,-0.892752692,1,0,1,0,1,0
0.270104464,0.493139254,2.306524058,0.413655659,2.11532035,0,1,0,1,0,1
-1.01105255,-2.934200885,-3.41567909,-0.079819987,-2.909702174,1,0,1,0,1,0
-0.419749313,2.173388108,-0.818000468,-0.162314336,-0.753850481,1,0,1,0,1,0
1.176769427,-0.077948289,0.059146815,0.004982133,0.049118507,1,0,0,1,0,1
-0.675980716,-2.550333848,-1.443050899,0.293987491,-1.109982629,0,1,0,1,0,1
-1.523515356,0.354497588,0.97879962,-0.03445486,0.808561232,1,0,1,0,1,0
-0.725255986,-1.670484096,-2.223250148,-1.872199485,-2.553400904,0,1,1,0,1,0
-0.193083072,0.10705298,0.308701284,0.020719247,0.265707589,0,1,0,1,0,1
-0.16351791,0.075031093,0.374715614,0.03497374,0.327003049,1,0,0,1,0,1
-0.084677479,0.029453923,0.174710921,0.06923919,0.171750995,0,1,0,1,0,1
-0.873081795,0.036230883,0.272753814,0.481998616,0.416916996,0,1,0,1,0,1
0.417930273,0.007644878,-0.102579458,0.602610366,0.14506162,1,0,1,0,1,0
0.141988762,-0.004269918,0.17710472,-0.108875946,0.103898831,1,0,0,1,0,1
0.329234787,0.121654249,0.508242889,0.000741807,0.42605109,0,1,0,1,0,1
-0.804096417,7.166975497,-2.051420868,1.484410503,-1.192340213,1,0,1,0,1,0
0.762857161,-0.032803831,0.015160071,-0.051749682,-0.010101632,0,1,0,1,0,1
0.092713492,0.139199219,-0.047713676,0.075953142,-0.013335716,0,1,1,0,0,1
0.033583169,-0.049003664,0.388601333,-0.117062583,0.278658621,1,0,1,0,1,0
-0.271923504,0.849004582,-0.026897846,0.133743254,0.026750659,0,1,0,1,0,1
-0.222648234,-0.030937005,0.040529316,-0.162314336,-0.031910912,1,0,0,1,1,0
0.230684248,0.26163356,-0.230120043,2.064634692,0.602415779,0,1,1,0,1,0
0.004018007,0.151649718,0.397319294,0.10919274,0.375393782,1,0,0,1,0,1
0.279959517,0.097269418,0.2113976,-0.026177179,0.165237606,0,1,1,0,1,0
-1.168733413,-3.18423751,-1.117156445,-0.162314336,-1.005411396,0,1,0,1,0,1
-0.538009961,-0.082588978,0.326082212,-0.162314336,0.208211143,1,0,0,1,0,1
0.230684248,-0.052318368,0.349590261,-0.162314336,0.227979112,0,1,1,0,0,1
0.033583169,-0.002313176,0.019019234,0.17891608,0.083166305,1,0,0,1,1,0
0.181408978,0.109001927,0.701090503,-0.409761369,0.424815248,0,1,0,1,0,1
0.063148331,0.06532289,0.374930276,-0.134380677,0.260316812,0,1,0,1,0,1
-1.070182874,0.260101425,1.045403617,0.522140581,1.089251813,0,1,0,1,0,1
3.433576782,0.023845284,-0.010252718,-0.018296641,-0.01846509,1,0,0,1,0,1
-0.045257263,-0.065317413,-0.253048507,-0.306672562,-0.334610765,0,1,0,1,0,1
1.285175021,-0.074853139,-0.069625265,-0.490385416,-0.252195024,1,0,0,1,0,1
-0.124097695,0.013852316,0.07190279,-0.054279519,0.036705302,1,0,0,1,0,1
0.457350489,0.010524845,0.167414788,-0.621493099,-0.105285175,1,0,0,1,1,0
0.417930273,-0.026554961,0.357604476,0.053660751,0.319944892,1,0,0,1,1,0
2.241115254,-0.033565851,0.254963946,-0.458914658,0.031757575,0,1,0,1,0,1
-0.528154907,-0.0647411,-0.047740684,-0.75016823,-0.33504144,0,1,0,1,0,1
0.299669625,-0.120271122,0.131997639,-0.402486797,-0.049071928,1,0,0,1,0,1
1.33445029,0.155101707,0.431426138,-0.529930024,0.151379366,0,1,1,0,0,1
0.220829194,0.014250573,-0.013033213,-0.074137931,-0.04257736,0,1,1,0,0,1
0.58546619,-0.107247388,0.156415183,-0.284892557,0.017484604,1,0,1,0,1,0
-0.508444799,-1.496529895,-1.841736459,-0.359746929,-1.687025957,1,0,0,1,0,1
-0.074822425,-0.091575122,-0.354723449,-0.115854366,-0.346372604,1,0,1,0,1,0
2.162274822,-0.077318125,0.182563608,-0.266545551,0.046630148,1,0,1,0,1,0
-1.040617712,-1.504370904,-0.787617117,0.210315617,-0.586755861,0,1,0,1,0,1
-0.390184151,0.161149449,0.158213897,-0.638398731,-0.119595522,0,1,1,0,0,1
0.073003384,-0.035539504,0.27364433,-0.382018278,0.077655669,0,1,1,0,1,0
0.309524679,0.04922829,-0.201071017,-0.345817203,-0.306164637,1,0,0,1,0,1
-0.784386309,-0.02804863,-0.162902109,-0.096995987,-0.177639505,0,1,1,0,1,0
0.181408978,0.007413362,0.373242226,-0.248704567,0.21375997,0,1,0,1,0,1
-0.242358342,0.259839868,-0.228773674,1.1421292,0.24652489,1,0,0,1,1,0
-0.58728523,0.3276146,1.513712569,0.40335449,1.438540282,0,1,1,0,0,1
-0.124097695,0.262233092,0.356939637,1.494190707,0.887823695,0,1,0,1,0,1
0.102568546,-1.743915939,-0.3888011,-0.007134716,-0.333192549,0,1,1,0,1,0
-0.370474043,0.516497428,0.066010545,-0.452805047,-0.124023539,0,1,1,0,1,0
1.4822761,0.31294178,-1.064299425,-0.133402936,-0.950084771,1,0,1,0,1,0
-1.750181597,0.308733361,-0.179392918,-0.43313049,-0.321837476,0,1,1,0,0,1
-0.73511104,-1.84891947,-1.792614802,-0.162314336,-1.573405803,0,1,1,0,0,1
0.693871783,0.589097272,1.059337201,2.987824107,2.096380527,0,1,0,1,0,1
-0.26206845,-1.739781297,-0.94505586,-0.162314336,-0.860691638,0,1,1,0,1,0
0.073003384,-1.781416649,-2.249817608,-1.193022435,-2.329965678,1,0,0,1,0,1
-1.06032782,0.324331314,0.052560268,-0.201777916,-0.037211768,0,1,1,0,1,0
-1.730471489,-3.139767044,-0.301003558,-0.162314336,-0.319106651,1,0,1,0,1,0
-0.232503288,0.290111086,-0.163388582,-0.162314336,-0.203385917,0,1,1,0,0,1
0.309524679,0.137444141,-0.035831583,1.408057343,0.515604184,0,1,0,1,0,1
-1.01105255,0.91036247,1.459311411,1.75684659,1.945720032,1,0,0,1,0,1
-0.764676201,0.611080216,0.71013017,-0.357092067,0.453411174,1,0,1,0,1,0
0.132133708,-1.960148592,-1.49313322,-2.847971884,-2.317312276,1,0,1,0,1,0
-0.005837047,0.60415162,1.002343236,-0.162314336,0.776880514,0,1,0,1,0,1
-0.429604367,0.452181342,1.344667911,-0.162314336,1.064742081,1,0,1,0,1,0
-0.538009961,2.881809848,0.777105924,-0.343066345,0.515173675,1,0,1,0,1,0
-0.449314475,-2.669449824,-1.507677432,-5.9595916,-3.482127938,0,1,1,0,1,0
-0.656270608,0.798254974,-0.045019674,0.213410928,0.042467378,1,0,1,0,1,0
-1.917717514,0.620072209,-0.142042838,-0.502055172,-0.317314844,0,1,1,0,0,1
-0.380329097,-2.663301835,-1.335302427,-1.611060656,-1.7289384,0,1,0,1,0,1
0.940248132,1.216311367,1.374193111,0.736074374,1.455855552,0,1,0,1,0,1
0.309524679,-1.979117222,-0.263691511,-0.301446593,-0.341520297,1,0,0,1,0,1
0.831842539,0.531068041,0.094135009,-0.038523267,0.061595502,1,0,0,1,1,0
-0.301488666,-1.82741139,-1.006795312,-0.118812317,-0.896206911,1,0,1,0,1,0
-2.065543323,1.405749481,0.50535662,8.404027073,3.755665455,0,1,0,1,0,1
-1.582645679,0.500554926,-0.660170263,-0.446204735,-0.729434052,0,1,1,0,0,1
-0.104387587,0.571596191,2.150172281,0.506933842,2.021646881,0,1,0,1,0,1
-0.124097695,0.35453811,-0.125441946,-0.12932494,-0.158663819,0,1,1,0,1,0
-0.626705446,0.40445872,-0.810925854,-0.323226594,-0.808976345,1,0,1,0,1,0
-0.656270608,0.546065685,0.367457382,-0.373484159,0.159646412,1,0,1,0,1,0
-0.281778558,-1.848327107,-0.301003558,0.269812555,-0.152251392,1,0,0,1,1,0
0.743147053,-2.148806143,-0.384541676,0.021205919,-0.318689737,0,1,1,0,1,0
0.319379733,0.469848239,0.285754903,1.006456748,0.634430054,0,1,1,0,0,1
-0.064967371,0.831395628,-0.102579458,-0.162314336,-0.152251392,0,1,1,0,1,0
-1.218008683,-1.996178539,-1.331237911,-1.098041431,-1.534317776,1,0,0,1,1,0
-1.050472766,0.835912017,-1.494610098,-0.196912972,-1.335640216,1,0,1,0,1,0
3.591257645,0.200134805,0.794498609,-0.852346687,0.325922592,0,1,0,1,0,1
0.132133708,0.226032519,0.336819315,4.245928251,1.955609686,1,0,0,1,0,1
0.900827916,0.74555401,0.884133207,-0.821072243,0.413052962,1,0,0,1,0,1
-0.557720068,0.184437659,0.319404111,-0.066075523,0.240525236,0,1,0,1,0,1
0.48691565,-0.053832907,0.185445274,0.014998849,0.159525956,1,0,1,0,1,0
-0.547865015,0.297909271,-0.241408494,3.151541307,1.01311656,0,1,0,1,0,1
-0.400039205,1.3743158,0.499704956,3.882643334,1.957811738,0,1,1,0,0,1
-0.104387587,-0.252826631,0.031826735,1.416113728,0.57701278,0,1,0,1,0,1
-0.370474043,0.722834734,2.827312152,0.062172886,2.4072313,1,0,0,1,0,1
0.713581891,0.270514693,-0.132461728,0.188675694,-0.041090864,1,0,0,1,1,0
-0.133952749,1.007345102,0.393998366,0.871602624,0.673804129,0,1,0,1,0,1
-0.321198774,0.520823104,0.291875896,-1.386186643,-0.302472446,1,0,0,1,0,1
-0.538009961,1.294978978,0.116771454,-0.633446341,-0.152251392,0,1,0,1,0,1
1.610391801,0.189139919,-0.014815577,0.099813257,0.023730384,0,1,0,1,0,1
-0.252213396,0.587759608,0.194511129,-0.162314336,0.097572731,1,0,0,1,0,1
0.043438223,0.698385448,-0.368739768,-0.004893462,-0.315419363,1,0,1,0,1,0
-0.666125662,1.299912536,0.486270823,-0.317303748,0.281496242,1,0,0,1,0,1
-0.971632334,0.639562851,0.777105924,-0.162314336,0.587477966,1,0,0,1,0,1
1.728652448,-0.147885345,0.685633798,-0.256917443,0.472827307,1,0,1,0,1,0
0.26024941,0.212365771,0.433644372,-0.180154255,0.291603049,1,0,0,1,1,0
0.181408978,-0.098452397,-0.085428258,-0.21174845,-0.157054022,0,1,0,1,0,1
-0.193083072,0.2755641,0.264228208,-0.064085606,0.19484212,0,1,0,1,0,1
-0.114242641,0.420933332,0.761267904,0.034066208,0.652675666,1,0,1,0,1,0
0.151843816,-0.225823948,-0.102579458,-0.162314336,-0.152251392,0,1,1,0,0,1
0.516480812,-0.369292309,-0.13322037,0.065743438,-0.08946534,1,0,1,0,1,0
1.442855884,0.202766099,0.229464349,-0.030736832,0.178669903,1,0,1,0,1,0
-0.21279318,-0.161611296,-0.270138117,-0.162314336,-0.293151835,0,1,0,1,0,1
-0.439459421,0.721711764,1.537489675,0.200532701,1.375587726,0,1,0,1,0,1
0.043438223,0.421883785,0.748783242,-0.162314336,0.563661361,1,0,1,0,1,0
-0.68583577,-0.25058405,0.156467815,-0.082153969,0.097006579,0,1,1,0,1,0
0.575611136,0.120266957,-0.244660029,0.171359476,-0.142644968,1,0,1,0,1,0
0.408075219,0.034904407,0.295865826,-0.037145454,0.232095816,1,0,0,1,0,1
-0.301488666,0.333353332,0.003620369,-0.391267966,-0.152251392,1,0,1,0,1,0
1.570971585,-0.096001295,0.117452926,0.094408006,0.133285813,0,1,0,1,0,1
5.089225846,0.044457063,0.043258704,-0.049436338,0.014470111,1,0,0,1,1,0
0.782567269,0.109098936,-0.211731445,0.012154247,-0.176470029,0,1,1,0,0,1
0.526335866,-0.150693881,0.624353245,-0.0882193,0.488521491,0,1,0,1,0,1
-0.015692101,-0.449131689,-0.149705246,-0.49559934,-0.321219282,0,1,1,0,0,1
-0.104387587,-0.041755217,0.006443247,0.642328581,0.253307346,0,1,0,1,0,1
0.004018007,0.062889753,0.229394762,0.239155321,0.284668331,0,1,1,0,1,0
2.112999553,-0.040262494,0.072086912,-0.068610716,0.03125784,1,0,1,0,1,0
2.802853329,0.296927353,-0.186061651,0.763743122,0.136494488,1,0,1,0,1,0
1.127494157,-0.627718492,-0.262128541,-0.117538457,-0.269105019,0,1,0,1,0,1
-0.252213396,0.10368652,0.189470577,0.417180876,0.320754925,0,1,0,1,0,1
0.437640381,-0.771067003,-0.071053945,0.192004556,0.01212006,0,1,1,0,1,0
0.289814571,0.071125076,0.4156445,-0.012479594,0.342763096,1,0,1,0,1,0
1.403435668,0.156738956,-0.064879239,-0.406095894,-0.215421314,1,0,1,0,1,0
-0.114242641,0.127999152,0.236966907,-0.257987186,0.095668863,0,1,0,1,0,1
-0.005837047,-0.797953508,-0.499430202,-0.706822631,-0.694820261,0,1,0,1,0,1
0.21097414,0.139737017,0.390429293,-0.8042674,0.008726068,1,0,0,1,1,0
-0.557720068,0.93415975,1.04276002,1.100619413,1.320388612,0,1,1,0,1,0
-0.153662856,-1.352766244,-3.479426328,0.438086247,-2.784612031,1,0,0,1,0,1
0.013873061,-1.017302924,-0.758244441,-0.00919373,-0.645379984,1,0,1,0,1,0
-0.744966094,-2.123174854,-2.042935399,-0.088589135,-1.757088766,1,0,0,1,0,1
3.423721728,0.050098863,-0.102579458,-0.148011896,-0.146692281,0,1,0,1,0,1
0.812132431,0.391091145,0.130045769,0.338058689,0.239350065,0,1,0,1,0,1
0.102568546,0.01568046,-0.095056496,-0.146040806,-0.139598499,0,1,1,0,1,0
0.782567269,0.135564499,0.087609441,-0.291027119,-0.042665039,1,0,1,0,1,0
0.851552647,0.166990604,-0.322782993,-0.240318567,-0.367518562,1,0,0,1,0,1
0.220829194,0.189093073,-0.500583928,-0.133111816,-0.475733488,0,1,1,0,0,1
1.699087287,0.092370503,-0.243424926,-0.002311915,-0.208788896,1,0,0,1,1,0
0.881117809,0.242063565,0.075512702,0.162442348,0.12447935,1,0,1,0,1,0
1.088073942,0.095544889,0.091104571,-0.04516347,0.056444859,0,1,0,1,0,1
1.452710938,0.201497722,-0.025509165,-0.106687279,-0.065766289,1,0,1,0,1,0
0.427785327,0.080178471,-0.070866857,-0.150879654,-0.12113506,0,1,0,1,0,1
0.073003384,0.13701822,-0.046921025,0.513587206,0.157747961,0,1,1,0,0,1
1.019088564,0.082389257,0.147047854,0.349961709,0.258421581,1,0,0,1,0,1
-0.744966094,-1.654530753,-0.289043802,0.243604638,-0.152251392,0,1,1,0,0,1
0.930393078,0.065585062,0.596202177,-0.33968837,0.36481609,1,0,1,0,1,0
-0.577430176,-1.176499368,0.320516684,0.900846158,0.622560046,0,1,1,0,0,1
0.989523402,0.211899554,0.290487758,0.269166386,0.34817445,0,1,1,0,0,1
-0.400039205,-1.200277193,-2.12931978,0.362092961,-1.666410578,0,1,0,1,0,1
1.354160398,0.091899403,0.211542397,0.029383007,0.187179819,0,1,1,0,0,1
0.250394356,0.117651006,-0.073297735,1.063976653,0.349472536,1,0,0,1,0,1
0.023728115,0.223301747,-0.005413948,-0.035936615,-0.021265619,1,0,1,0,1,0
-0.21279318,-0.970829938,-0.161543073,-0.353112663,-0.275849054,1,0,1,0,1,0
-0.222648234,0.149886717,0.051301919,-0.328346248,-0.087715196,1,0,0,1,1,0
0.388365111,-0.020531628,-0.568776412,-0.344315959,-0.613924862,0,1,1,0,1,0
1.748362556,-0.041118286,0.060079921,-0.425184296,-0.118194805,1,0,1,0,1,0
-0.094532533,-1.760119806,-4.645240295,-0.538132748,-4.096257895,1,0,1,0,1,0
-0.005837047,-0.041688662,0.06957029,-0.012999602,0.05087702,1,0,0,1,0,1
0.21097414,0.433532082,0.365546229,-0.45040169,0.127683979,0,1,1,0,0,1
-0.104387587,0.064680333,-0.602400226,0.267893736,-0.408108395,0,1,1,0,1,0
-0.616850392,-1.127708192,0.215738293,-0.504841761,-0.019116902,0,1,1,0,1,0
1.255609859,-0.049781192,-0.034342726,-0.747529902,-0.322848774,0,1,0,1,0,1
0.753002107,0.054661148,0.176711194,-0.435814632,-0.024684505,0,1,1,0,0,1
-0.173372964,0.079139349,-0.073664359,0.215228533,0.018948451,0,1,0,1,0,1
1.43300083,-1.657090268,-0.305539254,-0.146044066,-0.31663931,0,1,1,0,0,1
0.871262755,0.082400756,0.055839018,-0.096338058,0.006741584,0,1,1,0,1,0
-1.257428899,0.214959353,-0.318630678,0.025189896,-0.261571743,0,1,0,1,0,1
2.319955686,0.064000805,0.124253589,0.055553896,0.123811505,1,0,0,1,0,1
-0.340908882,-1.854520956,1.705414578,-1.836911018,0.678190225,0,1,1,0,1,0
-0.360618989,0.158180444,0.148760129,-0.053377723,0.101795244,0,1,0,1,0,1
-0.58728523,-1.055488601,-0.614058563,-0.340302717,-0.650363089,1,0,1,0,1,0
0.999378456,-0.012960077,0.032423961,-0.148620972,-0.033380525,1,0,1,0,1,0
-0.183228018,0.48865452,-0.5013046,0.054056457,-0.404552447,1,0,1,0,1,0
-0.498589745,0.545892603,0.565718447,0.026818859,0.484863473,1,0,1,0,1,0
0.516480812,0.175780946,-0.50576351,-0.692583908,-0.69464115,0,1,0,1,0,1
-0.035402209,0.028049247,-0.247862455,-0.162314336,-0.274420181,0,1,0,1,0,1
0.388365111,0.040309127,-0.044518203,0.109363735,0.002372295,1,0,1,0,1,0
0.713581891,0.225930373,0.373741381,0.179531619,0.38325584,1,0,1,0,1,0
-1.050472766,-1.81049965,-1.345152847,-0.162314336,-1.197134068,1,0,1,0,1,0
0.595321244,0.423258833,0.569808234,-0.209821266,0.394284111,1,0,1,0,1,0
0.348944895,-1.173905769,-0.429443033,-0.097964692,-0.402371153,0,1,0,1,0,1
-0.538009961,0.029653607,-0.153016457,0.722451389,0.148654086,1,0,0,1,1,0
0.299669625,0.015985197,0.71257285,0.05887731,0.621508938,1,0,1,0,1,0
-0.222648234,-1.474026021,-2.106976084,0.250018332,-1.688137206,1,0,0,1,0,1
2.832418491,0.069894567,0.482194583,0.129220304,0.454997867,0,1,0,1,0,1
0.496770704,0.07417002,0.253052421,0.018825857,0.21803647,0,1,0,1,0,1
1.147204265,0.063103242,0.476528943,-0.233538222,0.306507089,0,1,0,1,0,1
0.023728115,0.465987087,-0.06705375,0.852361067,0.272473589,1,0,0,1,0,1
-0.794241363,-1.257446096,-1.684355775,6.124545794,0.833068902,0,1,1,0,1,0
-0.094532533,-0.178508143,0.130322093,-0.413282738,-0.054704312,1,0,0,1,0,1
-0.232503288,0.05367118,0.16688444,-0.53494429,-0.071787431,1,0,1,0,1,0
0.605176298,-0.180325679,0.112816047,-0.326704962,-0.035476956,0,1,1,0,1,0
0.053293277,0.349061885,-0.399103951,-0.496621952,-0.530261576,1,0,0,1,1,0
-1.001197496,0.837498323,-0.728555647,0.964873402,-0.249610777,1,0,0,1,0,1
-0.202938126,0.30438597,0.19311229,-0.795822787,-0.152251392,1,0,1,0,1,0
1.610391801,0.393775358,-0.298577273,-0.452534801,-0.429137011,0,1,1,0,0,1
-0.055112317,-0.994950645,-0.072312197,-0.227730904,-0.152251392,0,1,0,1,0,1
-0.31134372,-1.378904773,-1.063109259,-0.779839096,-1.192340213,1,0,1,0,1,0
-0.439459421,0.369756135,0.195433935,0.458146623,0.341894069,0,1,0,1,0,1
0.201119086,-0.862780027,-0.492025498,0.499654878,-0.225763732,1,0,0,1,1,0
-0.143807802,-1.820686829,-3.288562112,0.300459851,-2.670479432,1,0,0,1,1,0
-0.025547155,0.750167886,1.707059816,-0.162314336,1.369478225,0,1,0,1,0,1
-0.764676201,1.061345269,0.210779369,0.264163843,0.278739667,1,0,0,1,0,1
0.240539302,-1.429272305,-0.268426697,-2.62835885,-1.244950933,1,0,0,1,1,0
-1.020907604,0.799208585,1.650945907,0.347460361,1.531952334,0,1,0,1,0,1
0.073003384,-1.955638197,-0.090298788,0.024193937,-0.06940249,0,1,0,1,0,1
-1.06032782,-2.075716978,-1.043874636,-0.331578858,-1.007525484,0,1,0,1,0,1
-0.715400932,-1.397287372,-1.974619529,-1.268271494,-2.129639034,0,1,0,1,0,1
0.171553924,1.110271568,-0.488635223,0.099741027,-0.376333897,0,1,0,1,0,1
-0.252213396,0.813104402,-0.390554238,0.978744274,0.044865102,0,1,0,1,0,1
-0.419749313,0.827761267,0.473554369,0.087931,0.431344832,0,1,1,0,0,1
-0.281778558,1.09753221,0.248126466,0.494579686,0.400950222,0,1,0,1,0,1
-0.557720068,0.765211361,0.946851148,0.525991237,1.007058293,0,1,1,0,1,0
-0.557720068,0.790468897,0.20892703,0.715838659,0.454543254,0,1,1,0,1,0
-0.331053828,-1.147241837,-1.319960168,0.068955921,-1.089687018,0,1,0,1,0,1
-0.222648234,1.149099655,0.664215149,0.308973185,0.680386327,1,0,0,1,0,1
-0.242358342,0.825621546,0.554446927,0.521666636,0.671886487,0,1,0,1,0,1
-0.400039205,0.89630762,-0.463064798,0.995215459,-0.010849902,0,1,0,1,0,1
-0.547865015,1.282216744,0.609875168,0.705395584,0.792083957,1,0,1,0,1,0
0.881117809,-1.239198961,-0.437351834,0.287116897,-0.261015016,1,0,0,1,0,1
-1.020907604,1.125425342,-0.928899924,0.411509463,-0.630181253,0,1,1,0,1,0
-0.538009961,-2.750199369,-0.161716494,-0.795826795,-0.447732396,0,1,1,0,1,0
0.270104464,-1.290482088,-0.868741563,-0.323632081,-0.857627412,1,0,0,1,0,1
-0.193083072,1.097506823,0.536172349,1.618677305,1.091777567,0,1,0,1,0,1
0.092713492,-1.975102372,-0.62559495,-0.350363407,-0.663880207,1,0,0,1,1,0
-0.853371687,1.315788774,1.525071814,0.491131655,1.484133756,0,1,1,0,0,1
1.423145776,0.289401983,0.17078424,-0.275697447,0.03315125,1,0,0,1,1,0
-0.143807802,-1.832431428,-1.856822458,0.239648662,-1.4802493,0,1,1,0,1,0
-1.43481987,4.091893492,-0.699038428,0.278901723,-0.485713445,1,0,1,0,1,0
0.073003384,0.227148245,-0.084138503,-0.082408594,-0.105667382,1,0,0,1,0,1
-0.73511104,0.312544068,-1.158202847,-0.325033893,-1.100960062,0,1,1,0,0,1
-0.843516633,1.028533319,-1.201039968,0.385442013,-0.870799822,1,0,1,0,1,0
0.437640381,-2.502070821,-5.657785079,0.011071726,-4.768656543,1,0,0,1,0,1
-0.291633612,0.635739047,1.273447427,-1.01639201,0.657742049,0,1,0,1,0,1
-0.538009961,0.228097788,0.222977247,-0.212581523,0.10176107,1,0,0,1,0,1
-1.15887836,4.314758117,6.080350892,4.002678939,6.997715634,1,0,1,0,1,0
-0.321198774,0.44647782,0.367516505,-0.74918786,0.011390356,1,0,1,0,1,0
-0.104387587,0.361509932,-0.277931549,-0.162314336,-0.299705348,1,0,1,0,1,0
-0.508444799,-1.65175979,-0.697855542,-0.588796583,-0.815314924,1,0,0,1,0,1
-0.222648234,2.103175183,5.14615509,1.756845734,5.137179008,0,1,0,1,0,1
-0.331053828,0.442203692,0.129021819,0.089182121,0.141005587,1,0,1,0,1,0
-0.133952749,0.268055395,-0.227912516,-0.104160254,-0.235134676,0,1,1,0,1,0
-1.070182874,0.750337786,0.447984931,-1.043594764,-0.038071902,0,1,0,1,0,1
-2.262644402,0.237424773,0.270789815,-0.611014596,-0.014845377,0,1,1,0,1,0
-0.73511104,2.101167667,-0.074600491,-1.116632082,-0.499994728,1,0,1,0,1,0
-0.932212119,0.459292081,0.972027542,-0.006955908,0.813924607,1,0,0,1,0,1
-0.518299853,0.251527413,0.003446826,0.86282266,0.336760091,1,0,1,0,1,0
-0.784386309,-1.543105112,0.272863175,0.660187175,0.48713082,0,1,1,0,1,0
-0.666125662,0.562295061,-0.564368659,-0.162314336,-0.540570939,0,1,0,1,0,1
-0.370474043,0.537059675,0.415136786,0.159275299,0.41023926,1,0,1,0,1,0
-0.321198774,1.059068552,1.113158696,-0.440929982,0.757407228,0,1,1,0,0,1
-2.006412999,3.477892602,4.077622118,1.842923269,4.250313834,1,0,1,0,1,0
0.368655003,-1.929428611,-0.607282603,-0.121847342,-0.561191751,0,1,1,0,0,1
-0.321198774,0.55810539,1.087386237,0.127694517,0.96556213,1,0,0,1,1,0
-0.577430176,0.826156855,0.227535913,-0.097321279,0.150881517,1,0,0,1,0,1
-0.064967371,0.755120196,1.463057947,0.417982754,1.401556337,0,1,1,0,0,1
-0.242358342,0.626575667,0.766947421,0.115512233,0.690035277,0,1,1,0,1,0
0.063148331,0.546995844,0.906071752,-0.03369879,0.747588072,1,0,1,0,1,0
-0.419749313,-1.432710789,0.246098071,0.090109154,0.240199201,0,1,0,1,0,1
-0.932212119,0.650293459,-1.160846393,-1.287345066,-1.464087225,1,0,0,1,1,0
-2.154238809,0.531463169,0.597202297,-0.450066605,0.321757288,1,0,1,0,1,0
-0.183228018,0.739828134,1.198278478,2.892943789,2.180388086,1,0,0,1,1,0
0.033583169,0.790443127,0.763708977,-0.142010775,0.584330755,1,0,0,1,1,0
0.1124236,1.332808731,-0.538832245,0.036371696,-0.442988505,1,0,1,0,1,0
-0.183228018,0.614832801,-0.827521455,-0.162314336,-0.7618567,1,0,0,1,0,1
-0.58728523,0.581811225,-2.243009671,-0.684328612,-2.140642565,0,1,0,1,0,1
-0.557720068,-1.782957499,-1.082374202,0.772520523,-0.624612657,0,1,0,1,0,1
-0.439459421,-1.478335511,-2.969658375,-1.195128028,-2.926460442,1,0,0,1,0,1
-0.843516633,-1.495214409,-0.943295214,-0.613879479,-1.029834246,1,0,1,0,1,0
-0.21279318,-1.718375845,-0.273091941,-0.657622049,-0.487064865,1,0,0,1,1,0
-0.21279318,0.878763743,2.117243491,1.772655164,2.521845546,1,0,1,0,1,0
-0.478879637,1.059131013,-0.458376726,-0.574179757,-0.609638581,1,0,0,1,0,1
-1.917717514,-1.38550222,-1.481214692,0.312051423,-1.13559886,0,1,0,1,0,1
-1.355979439,0.865074861,0.22684551,-0.399015215,0.031756369,0,1,0,1,0,1
-0.459169529,0.572005146,-1.060722441,-0.342067894,-1.025603482,1,0,1,0,1,0
-1.129313198,0.652927717,0.714963452,0.029460755,0.611782383,0,1,1,0,1,0
-1.139168252,0.293880644,-0.281930375,-0.226921293,-0.32803025,1,0,1,0,1,0
0.1124236,0.314820888,1.241931554,-0.397314265,0.882938639,0,1,0,1,0,1
0.053293277,0.556971499,0.311028411,-0.256372757,0.158492135,0,1,1,0,1,0
-0.577430176,0.171669672,1.734243639,0.64226997,1.72411073,0,1,0,1,0,1
-0.350763935,0.106237964,-0.303247877,-0.162314336,-0.320993903,0,1,1,0,0,1
-0.508444799,-1.785053385,-0.764643309,0.724911723,-0.371702772,1,0,1,0,1,0
-0.380329097,0.104124445,-0.376454267,-0.530550999,-0.524380871,1,0,1,0,1,0
-0.508444799,0.466163446,0.651435708,-0.967891885,0.160859692,0,1,1,0,1,0
0.309524679,0.125846272,0.03695011,-0.509987312,-0.170680312,1,0,1,0,1,0
-0.96177728,-2.551854133,0.394573384,-1.046480628,-0.083519361,0,1,1,0,1,0
-0.133952749,0.125762633,-0.031988733,0.376634026,0.117078703,0,1,0,1,0,1
-0.350763935,0.162853429,-0.619619154,-0.206152447,-0.603778218,0,1,1,0,1,0
-0.202938126,0.308358143,-0.05455187,0.115943542,-0.003538636,0,1,0,1,0,1
-0.350763935,0.395725431,0.141883415,-0.42569062,-0.049881582,0,1,1,0,0,1
-0.005837047,0.173701442,-0.102579458,-0.007319012,-0.092007388,1,0,1,0,1,0
0.358799949,0.170619033,-0.513799228,-0.191954954,-0.509410712,0,1,1,0,0,1
1.028943618,-1.964536964,-0.980618866,-1.343616338,-1.336381451,1,0,0,1,0,1
-0.419749313,-1.385673355,-1.783917516,-0.440929982,-1.668348404,1,0,1,0,1,0
-0.321198774,-0.042392903,-0.004141106,-0.113125508,-0.050293119,1,0,0,1,1,0
-0.616850392,1.804064671,0.481175146,0.690646089,0.676576838,1,0,0,1,1,0
-0.242358342,1.713379986,-1.310938292,-0.162314336,-1.168362974,1,0,0,1,1,0
0.043438223,1.005836745,1.41249683,-0.541237347,0.9671003,0,1,0,1,0,1
0.408075219,0.534880156,0.443366155,1.315420348,0.89160222,0,1,0,1,0,1
-0.281778558,-0.272779842,-1.095310924,0.531373636,-0.726291562,1,0,0,1,0,1
0.477060597,-0.351377754,0.712759771,-0.333054632,0.465211316,1,0,1,0,1,0
0.102568546,1.461481221,0.373355337,-0.073935514,0.282856601,0,1,1,0,0,1
0.417930273,0.843609755,0.28182019,-0.879364487,-0.111266006,0,1,1,0,0,1
-0.31134372,0.881971298,0.134508032,-0.052220617,0.090243899,0,1,0,1,0,1
0.004018007,-0.519830995,-0.887389208,0.634404211,-0.510586835,0,1,1,0,0,1
-0.390184151,0.305931133,-0.567445697,-0.362846073,-0.619900308,1,0,0,1,0,1
-0.271923504,0.660192928,1.12442781,-0.460658535,0.758862883,1,0,0,1,1,0
0.063148331,-1.346163604,-1.814925803,-0.162314336,-1.592167172,0,1,0,1,0,1
-0.646415554,0.669550281,0.896117053,-0.162314336,0.687554685,0,1,0,1,0,1
-0.340908882,1.842050957,1.301036356,0.060645906,1.118746024,0,1,1,0,1,0
0.053293277,1.404053322,0.247311916,2.028381078,1.003336497,0,1,0,1,0,1
-0.193083072,0.212237137,-0.678718529,-0.319257342,-0.696563765,1,0,0,1,0,1
-0.222648234,0.521682028,0.135845454,-0.291018534,-0.002179917,0,1,1,0,0,1
0.122278654,0.364205015,0.233578312,0.28041893,0.304425142,0,1,1,0,0,1
-0.350763935,0.424005998,0.685121212,1.258191544,1.076673699,0,1,1,0,0,1
0.201119086,-0.008134842,-0.031369875,-0.150458664,-0.087752123,1,0,1,0,1,0
-0.912502011,0.931361116,1.952565579,0.542186042,1.868410253,0,1,0,1,0,1
-0.301488666,1.346031119,1.761897021,0.315718432,1.612880039,0,1,0,1,0,1
0.250394356,-0.02070443,-0.072503495,-0.044978707,-0.08130864,0,1,0,1,0,1
0.033583169,0.287588447,-0.465887573,0.516472567,-0.19710331,1,0,0,1,1,0
0.033583169,0.583262154,-0.265775167,0.036893542,-0.212473318,0,1,1,0,1,0
-0.124097695,0.804195409,0.336967077,-0.10632718,0.239442627,0,1,0,1,0,1
-0.232503288,0.489281476,0.084010389,3.847042041,1.572660845,1,0,1,0,1,0
0.191264032,0.845447998,1.500364689,0.38988342,1.421704469,0,1,1,0,0,1
2.2312602,0.002062941,0.007141336,-0.162314336,-0.059986937,0,1,0,1,0,1
1.05850878,-0.026375596,-0.420389259,-0.016734512,-0.363510229,0,1,1,0,1,0
0.339089841,-0.199129888,0.198938364,-0.524827517,-0.041015617,1,0,1,0,1,0
-0.173372964,0.424786408,0.126178707,0.413771925,0.26572494,0,1,0,1,0,1
-0.015692101,0.333899244,-0.210818291,0.238218834,-0.088148039,1,0,1,0,1,0
0.792422323,0.212573315,0.41418474,-0.405966741,0.185970648,0,1,0,1,0,1
0.743147053,-0.617530527,-0.645780909,-0.184691918,-0.617571808,1,0,1,0,1,0
0.073003384,0.338287109,0.763898518,0.341436474,0.777796135,1,0,1,0,1,0
-0.301488666,0.627724078,-0.269809621,1.07445727,0.185170769,0,1,0,1,0,1
0.920538024,0.801414446,0.390570289,0.30993168,0.44899442,1,0,1,0,1,0
0.132133708,0.182112854,-0.206551875,0.501907552,0.017599552,1,0,1,0,1,0
-0.26206845,-0.977520936,-0.80814219,-0.406152487,-0.838119174,0,1,0,1,0,1
1.078218888,0.03361277,0.312112668,-0.346921213,0.123724049,1,0,1,0,1,0
0.447495435,0.065537758,0.714452087,0.013666692,0.605045934,1,0,0,1,0,1
-0.124097695,-0.839494048,0.058179661,-0.798138702,-0.265519888,0,1,0,1,0,1
0.654451568,0.254716313,-0.135247346,0.154543597,-0.056698083,0,1,0,1,0,1
-0.114242641,0.189039328,1.100324777,0.156608115,0.988176965,0,1,1,0,1,0
-0.143807802,-0.763491543,0.989124856,0.36227718,0.977045225,1,0,0,1,0,1
-0.193083072,0.227762895,-0.399726886,0.486950947,-0.152251392,1,0,1,0,1,0
0.624886406,0.089728299,-0.345548107,-0.073600208,-0.322360389,0,1,0,1,0,1
0.408075219,0.080005656,-0.056331151,0.211458276,0.032140635,1,0,0,1,1,0
0.339089841,0.265921006,-0.249854691,-0.027882372,-0.224099221,0,1,0,1,0,1
0.546045974,0.085408914,0.352389343,0.167450119,0.360440093,1,0,1,0,1,0
3.532127322,0.135760029,0.816064172,0.48268749,0.878575049,1,0,1,0,1,0
0.398220165,-1.25218055,-0.790531057,-3.233752314,-1.897335831,0,1,0,1,0,1
-0.133952749,0.34871207,-0.667486626,0.439358047,-0.397803585,1,0,1,0,1,0
-0.124097695,-0.765368954,-0.576060612,0.388621564,-0.339625162,1,0,0,1,1,0
0.151843816,0.284626015,0.703557764,0.261395074,0.694721499,1,0,1,0,1,0
-0.400039205,-0.653606025,-1.406821907,0.55081995,-0.983795022,0,1,0,1,0,1
0.575611136,0.342006672,-1.30806834,0.72224762,-0.835877562,1,0,0,1,1,0
-0.380329097,0.479805793,1.714325811,0.347022029,1.585484374,0,1,0,1,0,1
0.171553924,0.368892149,-0.374296894,-0.162314336,-0.380739177,0,1,1,0,0,1
-0.449314475,-0.90121337,-1.21497534,-0.523568173,-1.222901872,1,0,0,1,0,1
1.423145776,0.31243084,0.165487556,-0.37069815,-0.008548325,1,0,0,1,1,0
-0.331053828,0.583588522,-0.407230609,-0.162314336,-0.40843321,1,0,1,0,1,0
0.132133708,0.336247772,-0.087112112,-0.179038404,-0.145748556,0,1,0,1,0,1
0.408075219,-0.826321323,-0.884716618,-0.540366385,-0.953083971,0,1,0,1,0,1
0.171553924,-0.11925417,-0.05159145,-0.436937825,-0.21629732,1,0,1,0,1,0
-0.133952749,-0.112301044,-0.493429037,-0.442967173,-0.58858894,1,0,0,1,1,0
2.448071387,-0.127532283,0.426957346,-0.876654871,0.010510649,1,0,1,0,1,0
1.501986208,0.065626529,0.072103214,-0.653394212,-0.197340107,0,1,0,1,0,1
-0.074822425,-1.166867177,-0.801124651,-0.865830939,-1.006771109,1,0,0,1,0,1
0.21097414,-1.092906412,0.364438858,-0.878026969,-0.042027321,1,0,0,1,1,0
-0.16351791,-1.222642559,-1.165011905,-1.068956456,-1.385635845,1,0,0,1,0,1
0.644596514,-0.147846063,-0.294043466,-0.877398988,-0.58943053,1,0,0,1,0,1
0.575611136,-0.126203689,0.030662012,-0.290183099,-0.090128289,1,0,0,1,0,1
-0.370474043,0.107808257,-0.303985854,-0.053200762,-0.279487118,0,1,1,0,1,0
0.339089841,-0.12581446,-0.454263211,-0.514047851,-0.583101647,0,1,1,0,0,1
0.753002107,0.002983343,-0.006449576,0.309005746,0.112362293,1,0,0,1,0,1
0.427785327,-0.009065514,0.302780169,0.548319606,0.468539819,0,1,0,1,0,1
-0.400039205,-1.189201303,-0.674085451,0.077880874,-0.541241351,0,1,0,1,0,1
-0.409894259,-0.056581527,-0.950848733,0.663660285,-0.55355014,1,0,1,0,1,0
1.157059319,0.380527589,0.011312434,0.604048978,0.242517542,1,0,1,0,1,0
0.250394356,-1.097014407,-1.369248462,0.581290574,-0.940508109,0,1,0,1,0,1
1.206334589,0.130235179,0.116016879,0.870416744,0.435880743,0,1,0,1,0,1
0.16169887,-0.070746399,-0.131861501,0.155984449,-0.053277602,0,1,1,0,0,1
1.295030075,-0.075491814,-0.106779246,0.138848268,-0.038742603,0,1,0,1,0,1
-0.084677479,0.186077526,-0.013432679,0.982444411,0.368975417,1,0,0,1,0,1
0.812132431,-1.359369512,-0.966956568,0.717630645,-0.546890558,0,1,1,0,1,0
0.270104464,-1.335609442,-0.991301199,-0.040975579,-0.853806864,1,0,0,1,0,1
-0.21279318,0.766794704,1.245383857,-0.162314336,0.981253903,1,0,1,0,1,0
0.1124236,1.204718665,1.715838243,-0.026375712,1.432882618,0,1,1,0,1,0
0.279959517,0.191875759,0.357680752,-0.220835,0.211689343,1,0,0,1,0,1
1.886333312,0.035466849,0.42416876,-0.240338123,0.259836192,0,1,1,0,0,1
1.423145776,-0.041194145,0.368681342,-0.597647788,0.072182397,1,0,0,1,1,0
0.782567269,-0.067094568,0.148561741,-0.340805448,-0.011020302,1,0,0,1,0,1
0.240539302,-0.409659394,0.180371403,-0.06880083,0.122370678,1,0,0,1,0,1
-0.508444799,0.305908002,0.804596429,-0.967888079,0.288064356,0,1,1,0,1,0
1.324595236,-1.491194015,-0.868710639,-1.125383212,-1.161312432,0,1,1,0,0,1
4.744298958,-0.436437457,-0.483039263,-0.531754671,-0.613964573,1,0,1,0,1,0
1.462565992,-0.451071255,-1.109472562,-0.828282312,-1.249158698,1,0,1,0,1,0
1.157059319,-1.649796082,-1.081245136,-0.829115442,-1.225977768,0,1,1,0,1,0
0.122278654,-0.054402034,-0.135149842,-0.162314336,-0.179639899,0,1,0,1,0,1
-1.336269331,-1.566297868,0.633045111,-1.715920915,-0.152251392,1,0,1,0,1,0
-0.843516633,-0.253358959,0.33175199,0.082670773,0.309571596,0,1,0,1,0,1
-0.567575122,0.299861922,1.148529318,-1.81127186,0.232301033,1,0,1,0,1,0
0.890972862,-0.188214737,1.653050944,-1.300325677,0.855989244,1,0,0,1,0,1
0.821987485,-0.221409284,0.298118597,-0.325909876,0.120264939,0,1,1,0,1,0
0.348944895,0.247738297,-0.948512297,-0.530530036,-1.002703098,0,1,0,1,0,1
0.26024941,-2.007839204,-1.664293747,-0.442666608,-1.568826075,1,0,0,1,0,1
-0.547865015,0.496873783,0.117572008,0.028758794,0.107683376,1,0,1,0,1,0
-0.183228018,-1.435497886,0.036090001,-0.274625916,-0.079498217,1,0,1,0,1,0
-0.064967371,0.441446647,0.306404141,0.752509827,0.55206183,0,1,0,1,0,1
-0.419749313,-1.503247044,-1.128133349,-2.869046729,-2.030928737,1,0,0,1,0,1
-0.281778558,0.279735284,1.158492319,1.362979494,1.525830345,1,0,0,1,1,0
-0.291633612,0.229150951,-1.120047785,-0.162314336,-1.00784273,1,0,1,0,1,0
-0.202938126,-1.320607015,-0.102579458,-0.452968155,-0.265223508,1,0,1,0,1,0
-0.439459421,-0.481047486,-3.635412599,0.041593601,-3.053046509,1,0,0,1,0,1
-0.31134372,-0.347523217,-0.14464386,-0.253199455,-0.222899647,0,1,0,1,0,1
-0.035402209,0.116870803,-0.166426462,-0.189923556,-0.216648986,1,0,1,0,1,0
-0.449314475,-2.175632949,-2.499452608,-0.162314336,-2.167787257,0,1,0,1,0,1
-0.478879637,-1.721943313,-2.000974764,-0.108926951,-1.729171506,1,0,0,1,0,1
0.102568546,-0.59002753,-0.369692763,-0.287704475,-0.425172901,0,1,1,0,1,0
-0.084677479,-0.454385044,-0.233875185,0.04121198,-0.183895464,1,0,1,0,1,0
-0.232503288,0.076752064,0.863633507,0.129313751,0.777221255,0,1,1,0,0,1
0.447495435,-2.269621455,-0.961977523,-0.253437552,-0.909329919,0,1,1,0,0,1
-0.360618989,-0.55628437,-0.206761174,-0.386932147,-0.326861514,0,1,1,0,1,0
-0.58728523,-0.025410544,0.218551675,0.739260431,0.471946126,1,0,0,1,0,1
-0.21279318,0.806411437,1.608660609,0.560812516,1.58374807,1,0,1,0,1,0
-0.074822425,-1.392384678,-0.612049644,0.28157536,-0.411048126,0,1,0,1,0,1
-0.271923504,0.88724119,0.303002377,1.222550296,0.734314574,0,1,1,0,0,1
-0.409894259,1.052212395,0.635692077,0.502066564,0.73311716,1,0,1,0,1,0
-0.547865015,0.387228836,2.369603809,-1.214757487,1.484016413,1,0,0,1,0,1
-0.035402209,0.539581734,2.272839931,-0.2400891,1.812633393,1,0,1,0,1,0
0.240539302,-1.734329781,0.421463822,-0.6642508,0.089933945,0,1,1,0,1,0
-0.478879637,0.497198922,0.609693327,-0.061112451,0.486964717,1,0,1,0,1,0
-3.938003574,-1.265223947,-0.321215695,-1.15369074,-0.718640669,0,1,1,0,1,0
0.339089841,0.340145279,0.436249192,-0.400567093,0.206591657,1,0,1,0,1,0
-0.084677479,-1.189370516,-1.041432887,-1.326034894,-1.379973404,1,0,1,0,1,0
-0.26206845,0.706077804,1.343975655,-0.731067041,0.832492994,1,0,1,0,1,0
0.565756082,1.190884833,2.354563102,-0.839664203,1.629242405,1,0,1,0,1,0
-0.252213396,-1.271986256,1.840656238,-1.196687881,1.053873176,1,0,0,1,1,0
0.201119086,0.730237342,0.780789037,-0.4341985,0.481803287,1,0,1,0,1,0
-0.084677479,-1.007473588,-0.102579458,-0.988282343,-0.473290881,1,0,1,0,1,0
1.107784049,-0.997316608,-0.115995564,-1.012216653,-0.493728423,1,0,0,1,0,1
-0.370474043,0.819204273,2.901429286,-0.659231801,2.161445763,0,1,1,0,1,0
-1.001197496,0.720286344,0.774988323,-0.162314336,0.585697271,1,0,0,1,1,0
-0.469024583,3.884161002,-0.679672777,-0.293469952,-0.687532934,0,1,1,0,0,1
1.00923351,1.220468157,0.090605469,0.675684739,0.338000268,0,1,0,1,0,1
-0.538009961,1.389828616,0.413988774,0.530759795,0.556131734,1,0,1,0,1,0
0.250394356,-0.774524156,0.527433692,0.326463522,0.571475952,1,0,1,0,1,0
1.275319967,1.056436845,0.440215003,0.362364955,0.51178958,0,1,0,1,0,1
0.240539302,-0.636581719,0.050964925,0.557369867,0.258017295,1,0,1,0,1,0
1.85676815,1.053205135,0.222336483,0.454721461,0.363385947,1,0,0,1,1,0
-0.439459421,1.129142566,0.279893307,-0.280312576,0.122925306,1,0,1,0,1,0
-0.409894259,1.681592686,1.345131961,0.099741027,1.171877802,1,0,0,1,1,0
-0.488734691,-0.986860556,-1.882341325,-0.572274487,-1.798798634,0,1,1,0,0,1
-0.469024583,1.888029801,0.798201497,-1.959424803,-0.114150152,1,0,0,1,0,1
-1.474240086,1.26805842,0.48733197,-1.099748922,-0.027684809,0,1,1,0,1,0
-0.360618989,-0.933973625,-0.007734329,-0.77214025,-0.310270085,0,1,1,0,1,0
-0.202938126,1.106356329,0.511552157,1.040477757,0.841197062,1,0,1,0,1,0
0.388365111,1.700470543,0.694893721,0.483736552,0.776093894,0,1,0,1,0,1
-0.419749313,1.744429509,0.175397871,-0.271473547,0.038681009,1,0,1,0,1,0
0.378510057,-1.240613983,-0.98436261,-0.278904535,-0.937736478,0,1,1,0,1,0
-0.104387587,-0.863913838,-0.559281986,-0.162314336,-0.536293545,1,0,0,1,1,0
-0.528154907,1.726894875,-0.641679992,0.921384478,-0.191896135,0,1,1,0,0,1
-0.331053828,1.124708728,0.745309479,-0.237102905,0.530854042,1,0,1,0,1,0
0.171553924,1.26385006,-0.607733203,-0.354612059,-0.65052723,0,1,1,0,0,1
-0.656270608,-0.817712987,-0.170205748,-0.01567831,-0.152251392,0,1,0,1,0,1
-1.651631057,-0.872073678,-0.404631688,0.129418694,-0.293991777,1,0,0,1,1,0
-0.892791903,2.103277265,-0.131249919,0.086743037,-0.079648169,1,0,0,1,0,1
0.230684248,1.555460278,1.697368274,0.189038554,1.506043393,1,0,0,1,0,1
-0.843516633,-1.159120854,0.694116735,-0.244290503,0.4849878,1,0,1,0,1,0
-0.173372964,0.316472059,-1.058840489,-0.507798309,-1.086399487,0,1,1,0,0,1
-1.553080518,-2.714895195,-0.212215046,0.195423428,-0.105903153,0,1,1,0,0,1
-0.68583577,-1.257811557,-1.514761143,0.621153717,-1.049495825,0,1,1,0,0,1
0.378510057,-1.89383708,-0.742065232,0.317478641,-0.507463163,1,0,1,0,1,0
-0.6365605,0.304638161,-0.389277521,0.086733519,-0.29745598,0,1,1,0,0,1
-1.48409514,0.475062006,-0.204473884,0.058878153,-0.152251392,0,1,0,1,0,1
-0.291633612,0.493684112,1.222306903,0.006734968,1.03044132,0,1,0,1,0,1
-0.271923504,0.9031266,1.699737211,0.205299014,1.514743998,1,0,0,1,1,0
-1.06032782,2.101546186,4.59978273,0.983191653,4.316630995,0,1,0,1,0,1
-0.991342442,0.506600404,0.203618122,0.003723909,0.170422204,0,1,1,0,1,0
-0.656270608,1.760544602,-0.180413282,0.091255587,-0.119398121,1,0,0,1,0,1
-0.252213396,0.65318349,0.04273434,0.259573554,0.134713887,1,0,0,1,0,1
-1.90786246,0.557807742,-0.352504213,0.117105014,-0.254708146,0,1,1,0,1,0
13.49558687,0.691370152,0.233766213,-0.903295935,-0.160636121,1,0,0,1,1,0
-0.370474043,0.571695272,-0.854883234,-0.530137252,-0.924265646,1,0,0,1,0,1
-0.68583577,1.840845016,0.376655924,-0.787369095,0.003930399,1,0,1,0,1,0
-0.340908882,-1.016781269,-1.778171009,0.483741556,-1.32409983,1,0,1,0,1,0
2.073579337,-1.364051665,-0.799413201,-0.162314336,-0.738220408,1,0,0,1,0,1
0.132133708,-0.908904778,0.808748431,-0.349546884,0.539113238,1,0,0,1,1,0
-0.498589745,0.238958431,-0.227417002,0.245336865,-0.099436405,0,1,0,1,0,1
-0.606995338,0.562459444,0.058470577,0.284181266,0.157647744,0,1,0,1,0,1
1.590681693,0.137355547,0.281318656,0.555477984,0.453113994,0,1,0,1,0,1
-0.232503288,-2.38482721,-2.422628334,-6.506212067,-4.379274858,0,1,1,0,1,0
-0.153662856,0.065966252,-1.629700583,0.044834186,-1.359972542,1,0,0,1,0,1
-0.547865015,1.064902746,-0.815934147,-0.100524051,-0.728664134,1,0,0,1,1,0
1.324595236,0.046427755,0.155163293,0.369735421,0.273050827,0,1,0,1,0,1
-0.400039205,0.116161337,-0.042619446,0.032859235,-0.02581948,1,0,0,1,0,1
-0.360618989,-1.679510115,-2.148150163,-0.394407197,-1.956468444,1,0,1,0,1,0
-0.597140284,0.816995898,-0.003692222,0.160178017,0.056661279,0,1,1,0,1,0
-0.232503288,0.079279298,-0.088417549,0.029737505,-0.06566033,1,0,1,0,1,0
-0.488734691,0.726210521,0.389995388,-0.407314266,0.165173409,1,0,1,0,1,0
-0.183228018,1.226957449,-0.658942247,0.477409053,-0.3760354,0,1,1,0,0,1
-0.843516633,0.790150501,-1.464182557,0.085478826,-1.205261542,1,0,1,0,1,0
1.186624481,-0.106115386,0.440598298,-0.149944109,0.309402654,1,0,0,1,1,0
4.547197879,0.522459927,0.358298405,0.623942927,0.545576294,0,1,0,1,0,1
0.1124236,-0.02935783,0.220860232,-0.301967685,0.064866804,0,1,1,0,0,1
2.615607304,-0.31349243,0.070764737,0.083415412,0.089573963,1,0,0,1,0,1
-0.26206845,0.127236889,0.605143563,-0.268959199,0.400450773,0,1,0,1,0,1
0.890972862,0.035141449,-1.30506347,-1.526360273,-1.672465946,1,0,0,1,1,0
0.191264032,-0.959956669,-0.947893512,-0.141762885,-0.855313712,1,0,0,1,0,1
0.191264032,-0.959956669,-0.947893512,-0.141762885,-0.855313712,1,0,0,1,0,1
0.191264032,-0.959956669,-0.947893512,-0.141762885,-0.855313712,1,0,0,1,0,1
0.368655003,-0.255870048,0.199880344,1.456847405,0.737739112,1,0,0,1,1,0
-0.350763935,0.262192918,0.028038194,-0.136614049,-0.032382205,0,1,1,0,0,1
0.141988762,3.962921825,-0.124276185,-0.162314336,-0.170496217,0,1,0,1,0,1
1.659667071,-0.30921096,0.708330526,0.328041826,0.725361903,0,1,0,1,0,1
0.457350489,-0.414113972,-0.10760982,-0.107862133,-0.135320334,0,1,1,0,1,0
0.368655003,0.358375879,0.256904076,-0.603726704,-0.023575191,1,0,0,1,1,0
0.526335866,-0.567402151,0.617766556,0.178246903,0.589020897,1,0,0,1,0,1
0.861407701,0.142106082,-0.320309994,0.412181147,-0.113656993,1,0,0,1,1,0
0.181408978,-0.101664283,0.035899123,0.810680579,0.344118249,0,1,0,1,0,1
0.398220165,0.249144121,-0.141016618,0.382147754,0.026780026,1,0,0,1,0,1
0.171553924,0.90824379,0.684363339,1.186609639,1.047473938,1,0,0,1,1,0
0.477060597,0.405574387,0.193430357,0.583979019,0.389582125,0,1,1,0,0,1
0.664306622,0.398828999,-0.060951228,0.936575121,0.310462735,0,1,1,0,0,1
-0.449314475,0.292323384,0.547033608,1.169350851,0.922753092,1,0,1,0,1,0
-0.114242641,-0.848648321,0.191303948,0.019847976,0.166369052,0,1,1,0,1,0
0.092713492,-0.866927651,-1.592769334,-0.040564347,-1.360371308,1,0,0,1,1,0
0.063148331,-0.775535894,-0.140834375,0.136998785,-0.068229757,0,1,0,1,0,1
0.053293277,0.761724834,0.516553214,8.142426086,3.662549696,1,0,0,1,1,0
0.467205543,0.23054808,-0.438111151,0.918500451,-0.018980168,1,0,1,0,1,0
0.48691565,0.140128021,-0.007167799,0.241543968,0.085449799,1,0,0,1,0,1
-0.045257263,0.003472959,0.063921742,0.096006265,0.088718867,0,1,0,1,0,1
1.541406423,-1.947207088,-1.311817912,0.607161319,-0.88201193,1,0,0,1,1,0
-0.764676201,0.027882065,-0.980900252,0.226476094,-0.744117862,0,1,1,0,1,0
0.023728115,-0.036075208,-0.102579458,0.420290892,0.074197191,0,1,1,0,1,0
0.082858438,-0.006784989,-0.386079716,0.235805169,-0.237359734,0,1,1,0,0,1
0.624886406,0.077894367,-0.177577418,0.017518487,-0.145593239,1,0,0,1,1,0
0.408075219,0.031931149,-0.425447765,-0.111165489,-0.404084205,0,1,1,0,0,1
-0.222648234,0.09012381,0.084463069,0.040645151,0.084409143,0,1,0,1,0,1
0.526335866,-1.222798601,-1.314837343,0.288964968,-1.003287327,0,1,0,1,0,1
-0.321198774,0.058746751,-0.283181284,-0.050489285,-0.260915662,1,0,1,0,1,0
0.772712215,0.027032468,-0.014995289,-0.436770657,-0.185587882,1,0,1,0,1,0
-0.360618989,-1.49142924,-1.309004874,-0.162314336,-1.166737158,1,0,1,0,1,0
-0.232503288,-0.008774566,0.216581242,-0.315393329,0.056002757,1,0,1,0,1,0
-0.744966094,0.293136488,1.144334562,-0.289019245,0.844997289,0,1,1,0,0,1
0.171553924,-1.486754849,-0.273085851,-0.244183746,-0.32727192,1,0,1,0,1,0
-0.055112317,-1.38550222,-0.051805237,-0.162314336,-0.109555239,1,0,1,0,1,0
1.048653726,0.287492931,0.060449989,-0.329273582,-0.080404524,0,1,1,0,1,0
-0.301488666,0.212019544,0.582889528,-0.555397366,0.267904018,1,0,1,0,1,0
0.092713492,-0.052774562,0.350594551,-0.151657593,0.23302795,0,1,1,0,0,1
0.270104464,-0.048653826,0.114997948,-0.21097122,0.011661403,1,0,1,0,1,0
-0.429604367,-3.148833462,0.292740416,1.756846624,0.935895857,0,1,1,0,1,0
0.555901028,-2.133817668,-3.494925314,-4.449766339,-4.483904436,0,1,0,1,0,1
-0.547865015,0.018536854,-0.23624787,1.098313544,0.223159266,0,1,1,0,0,1
0.151843816,0.016789292,0.426814754,-0.407580289,0.19591343,1,0,1,0,1,0
-0.222648234,0.073065663,-0.053737536,-0.267811375,-0.152251392,0,1,1,0,1,0
0.358799949,0.161848888,-0.222040153,0.127826134,-0.140380236,0,1,0,1,0,1
-0.084677479,0.067791926,0.485920197,0.077285251,0.437564606,1,0,0,1,0,1
-0.804096417,0.221150759,1.093561061,-0.113907043,0.873147048,1,0,1,0,1,0
1.994738905,0.099934501,0.353818327,-0.22475184,0.206898888,0,1,0,1,0,1
-1.001197496,0.705418927,2.830852284,0.469444817,2.583914266,0,1,1,0,0,1
-0.340908882,-1.011769004,-0.643857646,0.276351045,-0.43997166,1,0,0,1,1,0
-0.331053828,0.29587379,-0.274434767,-0.347687841,-0.368405825,1,0,1,0,1,0
0.289814571,-1.43612122,-1.794518182,-0.071245895,-1.541595301,1,0,0,1,0,1
0.309524679,-1.064668966,-0.065234022,0.276926357,0.050089128,0,1,1,0,0,1
